{
  "model_name": "alexnet",
  "top1_accuracy": 0.9618,
  "top5_accuracy": 0.9861,
  "best_val_acc": 0.9931,
  "train_time_sec": 94.1,
  "inference_ms": 1.59,
  "model_size_mb": 228.28,
  "price_mae": 70.0,
  "price_rmse": 534.6,
  "classification_report": {
    "1. \u0448\u043e\u043a\u043e\u043b\u0430\u0434\u043d\u044b\u0435 \u0431\u0430\u0442\u043e\u043d\u0447\u0438\u043a\u0438": {
      "precision": 0.9444444444444444,
      "recall": 0.9444444444444444,
      "f1-score": 0.9444444444444444,
      "support": 18.0
    },
    "10. \u043c\u0430\u0441\u043b\u043e": {
      "precision": 1.0,
      "recall": 1.0,
      "f1-score": 1.0,
      "support": 18.0
    },
    "11. \u043c\u0430\u043a\u0430\u0440\u043e\u043d\u044b": {
      "precision": 0.9473684210526315,
      "recall": 1.0,
      "f1-score": 0.972972972972973,
      "support": 18.0
    },
    "12. \u043b\u0430\u043f\u0448\u0430 \u0431\u044b\u0441\u0442\u0440\u043e\u0433\u043e \u043f\u0440\u0438\u0433\u043e\u0442\u043e\u0432\u043b\u0435\u043d\u0438\u044f": {
      "precision": 1.0,
      "recall": 0.9444444444444444,
      "f1-score": 0.9714285714285714,
      "support": 18.0
    },
    "13. \u043a\u043e\u0444\u0435": {
      "precision": 1.0,
      "recall": 1.0,
      "f1-score": 1.0,
      "support": 18.0
    },
    "14. \u044f\u0448\u043a\u0438\u043d\u043e": {
      "precision": 1.0,
      "recall": 1.0,
      "f1-score": 1.0,
      "support": 18.0
    },
    "15. \u0434\u0435\u0442\u0441\u043a\u043e\u0435 \u043f\u0438\u0442\u0430\u043d\u0438\u0435": {
      "precision": 1.0,
      "recall": 0.9444444444444444,
      "f1-score": 0.9714285714285714,
      "support": 18.0
    },
    "16. \u043c\u0430\u0438\u0306\u043e\u043d\u0435\u0437": {
      "precision": 1.0,
      "recall": 1.0,
      "f1-score": 1.0,
      "support": 18.0
    },
    "2. \u0437\u0443\u0431\u043d\u0430\u044f \u043f\u0430\u0441\u0442\u0430": {
      "precision": 1.0,
      "recall": 0.7777777777777778,
      "f1-score": 0.875,
      "support": 18.0
    },
    "3. \u0441\u043e\u043a \u0432 \u0442\u0435\u0442\u0440\u0430\u043f\u0430\u043a\u0435\u0442\u0435": {
      "precision": 0.782608695652174,
      "recall": 1.0,
      "f1-score": 0.8780487804878049,
      "support": 18.0
    },
    "4. \u0433\u0430\u0437\u0438\u0440\u043e\u0432\u043a\u0430 \u0432 \u0436:\u0431": {
      "precision": 1.0,
      "recall": 0.9444444444444444,
      "f1-score": 0.9714285714285714,
      "support": 18.0
    },
    "5. \u0432\u043e\u0434\u0430": {
      "precision": 1.0,
      "recall": 1.0,
      "f1-score": 1.0,
      "support": 18.0
    },
    "6. \u0445\u043b\u0435\u0431": {
      "precision": 1.0,
      "recall": 0.8333333333333334,
      "f1-score": 0.9090909090909091,
      "support": 18.0
    },
    "7. \u043c\u043e\u043b\u043e\u043a\u043e": {
      "precision": 0.9473684210526315,
      "recall": 1.0,
      "f1-score": 0.972972972972973,
      "support": 18.0
    },
    "8. \u043f\u0430\u043a\u0435\u0442\u0438\u0440\u043e\u0432\u0430\u043d\u043d\u044b\u0438\u0306 \u0447\u0430\u0438\u0306": {
      "precision": 0.9,
      "recall": 1.0,
      "f1-score": 0.9473684210526315,
      "support": 18.0
    },
    "9. \u0447\u0438\u043f\u0441\u044b": {
      "precision": 0.9473684210526315,
      "recall": 1.0,
      "f1-score": 0.972972972972973,
      "support": 18.0
    },
    "accuracy": 0.9618055555555556,
    "macro avg": {
      "precision": 0.966822400203407,
      "recall": 0.9618055555555556,
      "f1-score": 0.9616973242675264,
      "support": 288.0
    },
    "weighted avg": {
      "precision": 0.9668224002034072,
      "recall": 0.9618055555555556,
      "f1-score": 0.9616973242675265,
      "support": 288.0
    }
  }
}